name,year,population
Connecticut,1790,237946
Delaware,1790,59096
Georgia,1790,82548
Kentucky,1790,73677
Maine,1790,96540
Maryland,1790,319728
Massachusetts,1790,378787
New Hampshire,1790,141885
New Jersey,1790,184139
New York,1790,340120
North Carolina,1790,393751
Pennsylvania,1790,434373
Rhode Island,1790,68825
South Carolina,1790,249073
Tennessee,1790,35691
United States,1790,3929214
Vermont,1790,85425
Virginia,1790,691737
West Virginia,1790,55873
Alabama,1800,1250
Connecticut,1800,251002
Delaware,1800,64273
District of Columbia,1800,8144
Georgia,1800,162686
Illinois,1800,2458
Indiana,1800,2632
Kentucky,1800,220955
Maine,1800,151719
Maryland,1800,341548
Massachusetts,1800,422845
Michigan,1800,3757
Mississippi,1800,7600
New Hampshire,1800,183858
New Jersey,1800,211149
New York,1800,589051
North Carolina,1800,478103
Ohio,1800,42159
Pennsylvania,1800,602365
Rhode Island,1800,69122
South Carolina,1800,345591
Tennessee,1800,105602
United States,1800,5308483
Vermont,1800,154465
Virginia,1800,807557
West Virginia,1800,78592
Alabama,1810,9046
Arkansas,1810,1062
Connecticut,1810,261942
Delaware,1810,72674
District of Columbia,1810,15471
Georgia,1810,251407
Illinois,1810,12282
Indiana,1810,24520
Kentucky,1810,406511
Louisiana,1810,76556
Maine,1810,228705
Maryland,1810,380546
Massachusetts,1810,472040
Michigan,1810,4762
Mississippi,1810,31306
Missouri,1810,19783
New Hampshire,1810,214460
New Jersey,1810,245562
New York,1810,959049
North Carolina,1810,556526
Ohio,1810,230760
Pennsylvania,1810,810091
Rhode Island,1810,76931
South Carolina,1810,415115
Tennessee,1810,261727
United States,1810,7239881
Vermont,1810,217895
Virginia,1810,877683
West Virginia,1810,105469
Alabama,1820,127901
Arkansas,1820,14273
Connecticut,1820,275248
Delaware,1820,72749
District of Columbia,1820,23336
Georgia,1820,340989
Illinois,1820,55211
Indiana,1820,147178
Kentucky,1820,564317
Louisiana,1820,153407
Maine,1820,298335
Maryland,1820,407350
Massachusetts,1820,523287
Michigan,1820,7452
Mississippi,1820,75448
Missouri,1820,66586
New Hampshire,1820,244161
New Jersey,1820,277575
New York,1820,1372812
North Carolina,1820,638829
Ohio,1820,581434
Pennsylvania,1820,1049458
Rhode Island,1820,83059
South Carolina,1820,502741
Tennessee,1820,422823
United States,1820,9638453
Vermont,1820,235981
Virginia,1820,938261
West Virginia,1820,136808
Wisconsin,1820,1444
Alabama,1830,309527
Arkansas,1830,30388
Connecticut,1830,297675
Delaware,1830,76748
District of Columbia,1830,30261
Florida,1830,34730
Georgia,1830,516823
Illinois,1830,157445
Indiana,1830,343031
Kentucky,1830,687917
Louisiana,1830,215739
Maine,1830,399455
Maryland,1830,447040
Massachusetts,1830,610408
Michigan,1830,28004
Mississippi,1830,136621
Missouri,1830,140455
New Hampshire,1830,269328
New Jersey,1830,320823
New York,1830,1918608
North Carolina,1830,737987
Ohio,1830,937903
Pennsylvania,1830,1348233
Rhode Island,1830,97199
South Carolina,1830,581185
Tennessee,1830,681904
United States,1830,12860702
Vermont,1830,280652
Virginia,1830,1044054
West Virginia,1830,176924
Wisconsin,1830,3635
Alabama,1840,590756
Arkansas,1840,97574
Connecticut,1840,309978
Delaware,1840,78085
District of Columbia,1840,33745
Florida,1840,54477
Georgia,1840,691392
Illinois,1840,476183
Indiana,1840,685866
Iowa,1840,43112
Kentucky,1840,779828
Louisiana,1840,352411
Maine,1840,501793
Maryland,1840,470019
Massachusetts,1840,737699
Michigan,1840,212267
Mississippi,1840,375651
Missouri,1840,383702
New Hampshire,1840,284574
New Jersey,1840,373306
New York,1840,2428921
North Carolina,1840,753419
Ohio,1840,1519467
Pennsylvania,1840,1724033
Rhode Island,1840,108830
South Carolina,1840,594398
Tennessee,1840,829210
United States,1840,17063353
Vermont,1840,291948
Virginia,1840,1025227
West Virginia,1840,224537
Wisconsin,1840,30945
Alabama,1850,771623
Arkansas,1850,209897
California,1850,92597
Connecticut,1850,370792
Delaware,1850,91532
District of Columbia,1850,51687
Florida,1850,87445
Georgia,1850,906185
Illinois,1850,851470
Indiana,1850,988416
Iowa,1850,192214
Kentucky,1850,982405
Louisiana,1850,517762
Maine,1850,583169
Maryland,1850,583034
Massachusetts,1850,994514
Michigan,1850,397654
Minnesota,1850,6077
Mississippi,1850,606526
Missouri,1850,682044
New Hampshire,1850,317976
New Jersey,1850,489555
New Mexico,1850,61547
New York,1850,3097394
North Carolina,1850,869039
Ohio,1850,1980329
Oregon,1850,12093
Pennsylvania,1850,2311786
Rhode Island,1850,147545
South Carolina,1850,668507
Tennessee,1850,1002717
Texas,1850,212592
United States,1850,23191876
Utah,1850,11380
Vermont,1850,314120
Virginia,1850,1119348
Washington,1850,1201
West Virginia,1850,302313
Wisconsin,1850,305391
Alabama,1860,964201
Arizona,1860,6482
Arkansas,1860,435450
California,1860,379994
Colorado,1860,34277
Connecticut,1860,460147
Delaware,1860,112216
District of Columbia,1860,75080
Florida,1860,140424
Georgia,1860,1057286
Illinois,1860,1711951
Indiana,1860,1350428
Iowa,1860,674913
Kansas,1860,107206
Kentucky,1860,1155684
Louisiana,1860,708002
Maine,1860,628279
Maryland,1860,687049
Massachusetts,1860,1231066
Michigan,1860,749113
Minnesota,1860,172023
Mississippi,1860,791305
Missouri,1860,1182012
Nebraska,1860,28841
Nevada,1860,6857
New Hampshire,1860,326073
New Jersey,1860,672035
New Mexico,1860,87034
New York,1860,3880735
North Carolina,1860,992622
Ohio,1860,2339511
Oregon,1860,52465
Pennsylvania,1860,2906215
Rhode Island,1860,174620
South Carolina,1860,703708
South Dakota,1860,4837
Tennessee,1860,1109801
Texas,1860,604215
United States,1860,31443321
Utah,1860,40273
Vermont,1860,315098
Virginia,1860,1219630
Washington,1860,11594
West Virginia,1860,376688
Wisconsin,1860,775881
Alabama,1870,996992
Arizona,1870,9658
Arkansas,1870,484471
California,1870,560247
Colorado,1870,39864
Connecticut,1870,537454
Delaware,1870,125015
District of Columbia,1870,131700
Florida,1870,187748
Georgia,1870,1184109
Idaho,1870,14999
Illinois,1870,2539891
Indiana,1870,1680637
Iowa,1870,1194020
Kansas,1870,364399
Kentucky,1870,1321011
Louisiana,1870,726915
Maine,1870,626915
Maryland,1870,780894
Massachusetts,1870,1457351
Michigan,1870,1184059
Minnesota,1870,439706
Mississippi,1870,827922
Missouri,1870,1721295
Montana,1870,20595
Nebraska,1870,122993
Nevada,1870,42941
New Hampshire,1870,318300
New Jersey,1870,906096
New Mexico,1870,91874
New York,1870,4382759
North Carolina,1870,1071361
North Dakota,1870,2405
Ohio,1870,2665260
Oregon,1870,90923
Pennsylvania,1870,3521951
Rhode Island,1870,217353
South Carolina,1870,705606
South Dakota,1870,11776
Tennessee,1870,1258520
Texas,1870,818579
United States,1870,38558371
Utah,1870,86336
Vermont,1870,330551
Virginia,1870,1225163
Washington,1870,23955
West Virginia,1870,442014
Wisconsin,1870,1054670
Wyoming,1870,9118
Alabama,1880,1262505
Alaska,1880,33426
Arizona,1880,40440
Arkansas,1880,802525
California,1880,864694
Colorado,1880,194327
Connecticut,1880,622700
Delaware,1880,146608
District of Columbia,1880,177624
Florida,1880,269493
Georgia,1880,1542180
Idaho,1880,32610
Illinois,1880,3077871
Indiana,1880,1978301
Iowa,1880,1624615
Kansas,1880,996096
Kentucky,1880,1648690
Louisiana,1880,939946
Maine,1880,648936
Maryland,1880,934943
Massachusetts,1880,1783085
Michigan,1880,1636937
Minnesota,1880,780773
Mississippi,1880,1131597
Missouri,1880,2168380
Montana,1880,39159
Nebraska,1880,452402
Nevada,1880,62266
New Hampshire,1880,346991
New Jersey,1880,1131116
New Mexico,1880,119565
New York,1880,5082871
North Carolina,1880,1399750
North Dakota,1880,36909
Ohio,1880,3198062
Oregon,1880,174768
Pennsylvania,1880,4282891
Rhode Island,1880,276531
South Carolina,1880,995577
South Dakota,1880,98268
Tennessee,1880,1542359
Texas,1880,1591749
United States,1880,50189209
Utah,1880,143963
Vermont,1880,332286
Virginia,1880,1512565
Washington,1880,75116
West Virginia,1880,618457
Wisconsin,1880,1315497
Wyoming,1880,20789
Alabama,1890,1513401
Alaska,1890,32052
Arizona,1890,88243
Arkansas,1890,1128211
California,1890,1213398
Colorado,1890,413249
Connecticut,1890,746258
Delaware,1890,168493
District of Columbia,1890,230392
Florida,1890,391422
Georgia,1890,1837353
Idaho,1890,88548
Illinois,1890,3826352
Indiana,1890,2192404
Iowa,1890,1912297
Kansas,1890,1428108
Kentucky,1890,1858635
Louisiana,1890,1118588
Maine,1890,661086
Maryland,1890,1042390
Massachusetts,1890,2238947
Michigan,1890,2093890
Minnesota,1890,1310283
Mississippi,1890,1289600
Missouri,1890,2679185
Montana,1890,142924
Nebraska,1890,1062656
Nevada,1890,47355
New Hampshire,1890,376530
New Jersey,1890,1444933
New Mexico,1890,160282
New York,1890,6003174
North Carolina,1890,1617949
North Dakota,1890,190983
Ohio,1890,3672329
Oklahoma,1890,258657
Oregon,1890,317704
Pennsylvania,1890,5258113
Rhode Island,1890,345506
South Carolina,1890,1151149
South Dakota,1890,348600
Tennessee,1890,1767518
Texas,1890,2235527
United States,1890,62979766
Utah,1890,210779
Vermont,1890,332422
Virginia,1890,1655980
Washington,1890,357232
West Virginia,1890,762794
Wisconsin,1890,1693330
Wyoming,1890,62555
Alabama,1900,1828697
Alaska,1900,63592
Arizona,1900,122931
Arkansas,1900,1311564
California,1900,1485053
Colorado,1900,539700
Connecticut,1900,908420
Delaware,1900,184735
District of Columbia,1900,278718
Florida,1900,528542
Georgia,1900,2216331
Hawaii,1900,154001
Idaho,1900,161772
Illinois,1900,4821550
Indiana,1900,2516462
Iowa,1900,2231853
Kansas,1900,1470495
Kentucky,1900,2147174
Louisiana,1900,1381625
Maine,1900,694466
Maryland,1900,1188044
Massachusetts,1900,2805346
Michigan,1900,2420982
Minnesota,1900,1751394
Mississippi,1900,1551270
Missouri,1900,3106665
Montana,1900,243329
Nebraska,1900,1066300
Nevada,1900,42335
New Hampshire,1900,411588
New Jersey,1900,1883669
New Mexico,1900,195310
New York,1900,7268894
North Carolina,1900,1893810
North Dakota,1900,319146
Ohio,1900,4157545
Oklahoma,1900,790391
Oregon,1900,413536
Pennsylvania,1900,6302115
Rhode Island,1900,428556
South Carolina,1900,1340316
South Dakota,1900,401570
Tennessee,1900,2020616
Texas,1900,3048710
United States,1900,76212168
Utah,1900,276749
Vermont,1900,343641
Virginia,1900,1854184
Washington,1900,518103
West Virginia,1900,958800
Wisconsin,1900,2069042
Wyoming,1900,92531
